[
    {
        "resourceName": "Health Check with an Interview",
        "resourceType": "D",
        "resourceId": 150800165,
        "effectiveDateFrom": 20010101000000,
        "effectiveDateTo": 20991231000000,
        "fullPath": "/Sandbox/Communications Health Check",
        "folderId": 690002430
    },
    {
        "resourceName": "Policy Package Master",
        "resourceType": "D",
        "resourceId": 690009692,
        "effectiveDateFrom": 20010101000000,
        "effectiveDateTo": 20991231000000,
        "fullPath": "/AmFam Enterprise Policy/AF Ent Policy Property/Documents",
        "folderId": 690005572
    },
    {
        "resourceName": "COV0002 MN Notice of Coverage Auto",
        "resourceId": 690009986,
        "effectiveDateFrom": 20010101000000,
        "effectiveDateTo": 20991231000000,
        "resourceType": "D",
        "fullPath": "/AmFam Enterprise Claims/AF Ent Claims Coverage/Templates",
        "folderId": 690007492
    }
]