[
    {
        "ParameterKey": "pCodePipelineActionRole",
        "ParameterValue": "/pipelinefactory/codepipeline/iam/action",
        "ResolvedValue": "CodePipeline-Action"
    },
    {
        "ParameterKey": "pRegion",
        "ParameterValue": "us-east-1"
    },
    {
        "ParameterKey": "pOwner",
        "ParameterValue": "mkemp@amfam.com"
    },
    {
        "ParameterKey": "pMasterAccountNumber",
        "ParameterValue": "/accounts/Master/id",
        "ResolvedValue": "395500188372"
    },
    {
        "ParameterKey": "pCodePipelineKmsKey",
        "ParameterValue": "/pipelinefactory/codepipeline/kmskeyarn",
        "ResolvedValue": "arn:aws:kms:us-east-1:974348564341:key/ee59d064-5e39-43eb-88a6-41f5d7b6b19d"
    },
    {
        "ParameterKey": "pToolsAccountNumber",
        "ParameterValue": "/accounts/tools/id",
        "ResolvedValue": "974348564341"
    },
    {
        "ParameterKey": "pBusinessUnit",
        "ParameterValue": "ent-ecm-01"
    },
    {
        "ParameterKey": "pSharedProdAccountNumber",
        "ParameterValue": "/accounts/SharedServices/Prod/id",
        "ResolvedValue": "285703077896"
    },
    {
        "ParameterKey": "pAPMId",
        "ParameterValue": "T000000021"
    },
    {
        "ParameterKey": "pProdAccountNumber",
        "ParameterValue": "/accounts/prod/id",
        "ResolvedValue": "530467111376"
    },
    {
        "ParameterKey": "pLoggingProdAccountNumber",
        "ParameterValue": "/accounts/LoggingServices/Prod/id",
        "ResolvedValue": "957550807671"
    },
    {
        "ParameterKey": "pInfoClass",
        "ParameterValue": "confidential"
    },
    {
        "ParameterKey": "pProduct",
        "ParameterValue": "ent-ecm-document-app"
    },
    {
        "ParameterKey": "pCodePipelineServiceRole",
        "ParameterValue": "/pipelinefactory/codepipeline/iam/service",
        "ResolvedValue": "CodePipeline-Service"
    },
    {
        "ParameterKey": "pPreProdAccountNumber",
        "ParameterValue": "/accounts/preprod/id",
        "ResolvedValue": "397028113173"
    },
    {
        "ParameterKey": "pSandboxAccountNumber",
        "ParameterValue": "/accounts/sandbox/id",
        "ResolvedValue": "090042282622"
    },
    {
        "ParameterKey": "pSharedToolsAccountNumber",
        "ParameterValue": "/accounts/SharedServices/Tools/id",
        "ResolvedValue": "552771947242"
    },
    {
        "ParameterKey": "pPrincipalOrgId",
        "ParameterValue": "/organization/Master/id",
        "ResolvedValue": "o-f8m44y8hj8"
    },
    {
        "ParameterKey": "pSupportGroup",
        "ParameterValue": "ent-ecm-support-group"
    },
    {
        "ParameterKey": "pCodePipelineArtifactBucket",
        "ParameterValue": "/pipelinefactory/codepipeline/s3bucket",
        "ResolvedValue": "ent-ecm-01-codepipeline-974348564341-us-east-1"
    },
    {
        "ParameterKey": "pCodeBuildRole",
        "ParameterValue": "/pipelinefactory/codebuild/iam",
        "ResolvedValue": "CodeBuild-Action"
    },
    {
        "ParameterKey": "pInfoType",
        "ParameterValue": "pii"
    }
]