{
    "Parameters": {
      "pProductName": "ent-ecm-document-app",
      "pProductNameLower": "ent-ecm-document-app-qa",
      "pEnvironment": "ent-ecm-01-preprod",
      "pAppTeam": "",
      "pAPMId": "T000000021",
      "pInfoClass": "confidential",
      "pInfoType": "pii",
      "pOwner": "mkemp@amfam.com",
      "pSupportGroup": "ent-ecm-support-group",
      "pServiceProfile":"intranet",
      "pWafv2Profile": "ent-serviceprofile",
      "pDistributionAlias": "commlink-qa.amfam.com",
      "pAccount":"397028113173",
      "pAcmCertificate":"723d4cd0-7f8e-4249-ad19-dc5a4f5426e0",
      "pDistributionPropertyName":"oCfDistributionDomainValqa"
    }
}