{
    "Parameters": {
      "pProductName": "ent-ecm-document-app",
      "pProductNameLower": "ent-ecm-document-app",
      "pEnvironment": "ent-ecm-01-sbx",
      "pAppTeam": "",
      "pAPMId": "T000000021",
      "pInfoClass": "confidential",
      "pInfoType": "pii",
      "pOwner": "mkemp@amfam.com",
      "pSupportGroup": "ent-ecm-support-group",
      "pServiceProfile":"intranet",
      "pWafv2Profile": "ent-serviceprofile",
      "pDistributionAlias": "commlink-env.amfam.com",
      "pAccount":"090042282622",
      "pAcmCertificate":"f4dc188e-1d1b-45b8-9eb1-ff2b053f87f3",
      "pDistributionPropertyName":"oCfDistributionDomainVal"
    }
}