{
    "dev":{
        "info":"CTP",
        "url" : "https://na10-sb.smartcommunications.cloud/one/saml/login/bf9f0652-c293-43b1-96bb-4fa3323fe1b1"
    },
    "dev_01":{
        "info":"CTP",
        "url" : "https://na10-sb.smartcommunications.cloud/one/saml/login/bf9f0652-c293-43b1-96bb-4fa3323fe1b1"
    },
    "dev_02":{
        "info":"CTP",
        "url" : "https://na10-sb.smartcommunications.cloud/one/saml/login/bf9f0652-c293-43b1-96bb-4fa3323fe1b1"
    },
    "dev_03":{
        "info":"CTP",
        "url" : "https://na10-sb.smartcommunications.cloud/one/saml/login/bf9f0652-c293-43b1-96bb-4fa3323fe1b1"
    },
    "int":{
        "info":"scint1",
        "url" : "https://na10-sb.smartcommunications.cloud/one/saml/login/b48704f2-fb60-4f03-88a4-016b53bb37ea"
    },
    "int_01":{
        "info":"scint1",
        "url" : "https://na10-sb.smartcommunications.cloud/one/saml/login/b48704f2-fb60-4f03-88a4-016b53bb37ea"
    },
    "int_02":{
        "info":"scint1 - PINT I",
        "url" : "https://na10-sb.smartcommunications.cloud/one/saml/login/b48704f2-fb60-4f03-88a4-016b53bb37ea"
    },
    "int_03":{
        "info":"scint2",
        "url" : "https://na10-sb.smartcommunications.cloud/one/saml/login/3f6084f4-830f-4d60-b20a-84db28c4fbef"
    },
    "perf":{
        "info":"scint1",
        "url" : "https://na10-sb.smartcommunications.cloud/one/saml/login/b48704f2-fb60-4f03-88a4-016b53bb37ea"
    },
    "qa":{
        "info":"",
        "url" : "https://na10-sb.smartcommunications.cloud/one/saml/login/ebce9021-e600-4c23-bc8a-aad487b119bc"
    },
    "prod":{
        "info":"prod",
        "url" : "https://na11.smartcommunications.cloud/one/saml/login/55cf13b1-bc9c-4285-8300-4d5004e40f3c"
    }
}